1,Clara,Díaz,Ingeniero de Software,Madrid,45971
2,Carlos,Muñoz,Desarrollador Frontend,Málaga,42214
3,Isabel,Martín,Desarrollador Backend,Bilbao,18519
4,Luis,Navarro,Desarrollador Backend,Barcelona,26293
5,Jorge,Ruiz,Científico de Datos,Bilbao,23528
6,Clara,Hernández,Desarrollador Frontend,Valencia,37594
7,Juan,Muñoz,Desarrollador Backend,Zaragoza,36012
8,Jorge,Navarro,DevOps Engineer,Valencia,29741
9,Raúl,García,Desarrollador Frontend,Zaragoza,19275
10,Carlos,Alonso,Desarrollador Backend,Madrid,33576
11,Clara,Martín,Desarrollador Backend,Sevilla,23247
12,María,Hernández,DevOps Engineer,Málaga,19463
13,Carmen,Gómez,Desarrollador Frontend,Salamanca,31345
14,Andrés,Moreno,Científico de Datos,Sevilla,37024
15,Elena,Martín,DevOps Engineer,Sevilla,43790
16,Elena,Torres,Desarrollador Frontend,Zaragoza,38606
17,Carlos,Hernández,Científico de Datos,Málaga,26293
18,Luis,Gutiérrez,DevOps Engineer,Bilbao,37935
19,Miguel,Romero,Desarrollador Frontend,Granada,37426
20,Diego,Romero,Ingeniero de Software,Valencia,36743
21,Diego,Díaz,Ingeniero de Software,Toledo,26773
22,Clara,López,Desarrollador Backend,Málaga,27559
23,Raúl,Fernández,Desarrollador Frontend,Salamanca,36136
24,Isabel,Torres,Científico de Datos,Madrid,39631
25,Lucía,Moreno,Ingeniero de Software,Salamanca,23305
26,Ana,Sánchez,DevOps Engineer,Bilbao,40407
27,Paula,Alonso,Desarrollador Frontend,Barcelona,21331
28,Raúl,Sánchez,DevOps Engineer,Madrid,27091
29,Laura,Díaz,DevOps Engineer,Málaga,18131
30,Miguel,Álvarez,Desarrollador Frontend,Barcelona,39494
31,Luis,Navarro,Científico de Datos,Madrid,39752
32,Fernando,Hernández,Científico de Datos,Zaragoza,39127
33,Isabel,Romero,Ingeniero de Software,Toledo,33999
34,Jorge,Alonso,Desarrollador Backend,Granada,43769
35,Carlos,Hernández,DevOps Engineer,Toledo,42041
36,Clara,Díaz,Ingeniero de Software,Madrid,39754
37,Lucía,López,Desarrollador Frontend,Bilbao,36066
38,Diego,Gómez,Ingeniero de Software,Valencia,30783
39,Diego,Hernández,Desarrollador Frontend,Zaragoza,28324
40,Paula,López,DevOps Engineer,Málaga,24842
41,Paula,Pérez,Científico de Datos,Valencia,32384
42,Luis,Torres,Desarrollador Frontend,Valencia,30970
43,Isabel,García,Ingeniero de Software,Granada,43925
44,Pedro,Díaz,Desarrollador Backend,Málaga,39071
45,Diego,Gómez,Desarrollador Backend,Málaga,29030
46,Diego,Hernández,Científico de Datos,Zaragoza,49628
47,Juan,Martín,Científico de Datos,Salamanca,22662
48,Raúl,Gómez,Científico de Datos,Salamanca,32721
49,Luis,Sánchez,Ingeniero de Software,Toledo,48358
50,Elena,Gómez,Ingeniero de Software,Zaragoza,32626
51,Ana,López,Desarrollador Backend,Valencia,38243
52,Diego,Navarro,Desarrollador Backend,Málaga,34792
53,Clara,Moreno,Desarrollador Backend,Zaragoza,34160
54,Carmen,Martínez,Científico de Datos,Sevilla,19719
55,Elena,Sánchez,Desarrollador Backend,Zaragoza,45167
56,Paula,Pérez,DevOps Engineer,Barcelona,42566
57,Juan,Romero,DevOps Engineer,Barcelona,20541
58,Fernando,Hernández,Desarrollador Backend,Sevilla,49015
59,Luis,Hernández,Desarrollador Backend,Toledo,29362
60,Paula,Navarro,Desarrollador Backend,Málaga,24093
61,Fernando,Jiménez,Científico de Datos,Madrid,49508
62,María,Sánchez,Ingeniero de Software,Granada,18977
63,Raúl,Fernández,Científico de Datos,Barcelona,18400
64,Raúl,López,Desarrollador Backend,Barcelona,28035
65,Fernando,Gómez,Desarrollador Frontend,Málaga,22980
66,Raúl,Martínez,Científico de Datos,Madrid,42653
67,Clara,Ruiz,Desarrollador Frontend,Toledo,38915
68,Luis,Ruiz,Desarrollador Backend,Sevilla,22249
69,Isabel,López,Científico de Datos,Salamanca,38613
70,Isabel,Ruiz,Desarrollador Backend,Sevilla,43553
71,Juan,Gómez,DevOps Engineer,Madrid,19337
72,Carlos,Martín,Desarrollador Backend,Barcelona,47093
73,Juan,Gutiérrez,Ingeniero de Software,Granada,33582
74,Clara,Fernández,Ingeniero de Software,Málaga,24033
75,Isabel,Navarro,Desarrollador Backend,Barcelona,21070
76,Lucía,Navarro,DevOps Engineer,Málaga,49840
77,Luis,Alonso,DevOps Engineer,Bilbao,42036
78,Fernando,López,Científico de Datos,Salamanca,47429
79,Elena,Martínez,Ingeniero de Software,Granada,44546
80,Juan,Martín,DevOps Engineer,Valencia,48880
81,Juan,Díaz,Ingeniero de Software,Toledo,40844
82,Diego,Martín,Científico de Datos,Zaragoza,34090
83,Miguel,López,Ingeniero de Software,Salamanca,29517
84,Carlos,Navarro,DevOps Engineer,Salamanca,18160
85,Elena,Pérez,Ingeniero de Software,Barcelona,48148
86,Paula,Pérez,Desarrollador Frontend,Madrid,47176
87,Jorge,López,DevOps Engineer,Barcelona,29631
88,María,Jiménez,DevOps Engineer,Bilbao,47945
89,Laura,Alonso,DevOps Engineer,Barcelona,36726
90,Clara,Moreno,Desarrollador Frontend,Zaragoza,26590
91,Andrés,Hernández,Científico de Datos,Barcelona,35350
92,Carmen,Romero,Desarrollador Frontend,Salamanca,40262
93,María,Muñoz,Desarrollador Frontend,Madrid,22216
94,Jorge,Jiménez,Científico de Datos,Bilbao,48097
95,Juan,Gómez,Desarrollador Backend,Bilbao,19601
96,Laura,Díaz,Científico de Datos,Salamanca,31894
97,Diego,García,Ingeniero de Software,Zaragoza,23811
98,Diego,Sánchez,Desarrollador Backend,Zaragoza,25413
99,Diego,García,Ingeniero de Software,Barcelona,29782
100,María,Romero,Ingeniero de Software,Toledo,21616
